Model,coverage_score,keyword_overlap,similarity,faithfulness_score,contradiction_rate,abs_sentiment_shift,composite_score
GPT,0.7000799999999999,0.192,0.833052,0.63692,0.055716,0.40932,0.5772694
Gemini,0.684284,0.18,0.82806,0.658332,0.051419999999999993,0.29403199999999996,0.5771506000000001
Grok,0.707424,0.14400000000000002,0.839812,0.617164,0.05128,0.294036,0.566623
