Model,coverage_score,keyword_overlap,similarity,faithfulness_score,contradiction_rate,abs_sentiment_shift,composite_score
Gemini,0.62524,0.136,0.815124,0.619664,0.049665999999999995,0.407896,0.5351455
Grok,0.641878,0.136,0.8168000000000001,0.600042,0.070686,0.43287,0.5332176999999999
GPT,0.611124,0.146,0.82101,0.61446,0.05106,0.382836,0.5304023999999999
